model_name,display_name,num_completed_seeds,num_total_seeds,val_roi_auroc_mean,val_roi_auroc_std,val_roi_auprc_mean,val_roi_auprc_std,val_f1_mean,val_f1_std,val_precision_mean,val_precision_std,val_recall_mean,val_recall_std,val_accuracy_mean,val_accuracy_std,test_roi_auroc_mean,test_roi_auroc_std,test_roi_auprc_mean,test_roi_auprc_std,test_f1_mean,test_f1_std,test_precision_mean,test_precision_std,test_recall_mean,test_recall_std,test_accuracy_mean,test_accuracy_std,threshold_mean,threshold_std
cutpaste,CutPaste,3,3,0.9981912144702842,0.0020346273576257877,0.984469696969697,0.015972097456293934,0.8485838779956427,0.02877961833033318,0.9047619047619048,0.13468700594029476,0.8333333333333334,0.12472191289246473,0.9784172661870504,0.00587407612178221,0.9879818594104308,0.00750015211271711,0.9177755964520671,0.03427091491637,0.8083170890188435,0.047783694115270316,0.7886710239651415,0.14172946376723825,0.8666666666666667,0.09428090415820632,0.9723991507430998,0.012010306262191888,3.1416900157928467,0.3209630500773469
padim,PaDiM,3,3,0.9182170542635658,0.035457525910041136,0.4011621464995774,0.15104700338170818,0.5307355266910373,0.11491796034891791,0.3811026936026936,0.12868089623575585,0.9666666666666667,0.04714045207910316,0.8633093525179857,0.05664753866195547,0.9494331065759637,0.0068554269650027,0.5335837956836943,0.08165545045733225,0.5420332355816226,0.0330120132761843,0.47619047619047616,0.0336717514850737,0.6666666666666666,0.16996731711975951,0.9299363057324841,0.009007729696643915,0.47550370295842487,0.034642995504115454
patchcore,PatchCore,3,3,0.9188630490956072,0.020257475062035787,0.6771277271277271,0.004751553243382022,0.4276595744680851,0.0516222422271712,0.2821799821799822,0.04559087094619874,0.9,0.0,0.8225419664268585,0.034418945070521186,0.9517006802721089,0.00855088781631057,0.6400592217488769,0.008690538533431666,0.5071794871794872,0.04051606608226399,0.4101851851851852,0.040338927612577714,0.6666666666666666,0.04714045207910316,0.9171974522292994,0.009007729696643915,0.3169284462928772,0.10802299462247386
