model_name,display_name,group_field,group_value,roi_auroc_mean,roi_auroc_std,roi_auprc_mean,roi_auprc_std,f1_mean,f1_std,precision_mean,precision_std,recall_mean,recall_std
cutpaste,CutPaste,generator_family,chatgpt,0.9832199546485261,0.01449829239287601,0.88367673992674,0.045813008030172346,0.7294117647058824,0.09982683969692442,0.6722222222222223,0.18070506630322883,0.8666666666666667,0.09428090415820632
cutpaste,CutPaste,generator_family,gemini,0.9927437641723356,0.0046249610100615,0.8874603174603174,0.03957509262988714,0.7294117647058824,0.09982683969692442,0.6722222222222223,0.18070506630322883,0.8666666666666667,0.09428090415820632
padim,PaDiM,generator_family,chatgpt,0.9609977324263038,0.005130933559630251,0.3905870926459162,0.09285201719546567,0.40548340548340545,0.052108138774221616,0.30438842203548083,0.020752671121281853,0.6666666666666666,0.24944382578492943
padim,PaDiM,generator_family,gemini,0.9378684807256236,0.008910150886343993,0.4433290711973425,0.10130021298243573,0.4236874236874237,0.03307989544357525,0.3194444444444444,0.05196746370519363,0.6666666666666666,0.09428090415820636
patchcore,PatchCore,generator_family,chatgpt,0.9655328798185941,0.007396601555691643,0.5036507936507937,0.01999916014025622,0.4013071895424837,0.05604170224895689,0.27692307692307694,0.04249505263130273,0.7333333333333334,0.09428090415820636
patchcore,PatchCore,generator_family,gemini,0.9378684807256236,0.019632526822597147,0.5594547096023716,0.012472350835444995,0.34137426900584794,0.02483229203430265,0.23926073926073926,0.02460261809395554,0.6,0.0
