model,n,mass_in_mask_mean,mass_gain_vs_area_mean,peak_in_mask_rate,iou_top5_mean,dice_top5_mean,mean_lift_in_vs_out_mean
padim,30,0.053375137253522255,12.691743165578483,0.5333333333333333,0.13163160083932995,0.21421136125487125,13.951277612773604
patchcore,30,0.01627909885017287,3.253171679194504,0.43333333333333335,0.07924874888068227,0.13724576843063468,3.309980605996264
cutpaste,30,0.010851404080353887,2.387531749480705,0.0,0.033540779400746935,0.05814345355632003,2.411411091992882
