model_name,display_name,group_field,group_value,roi_auroc_mean,roi_auroc_std,roi_auprc_mean,roi_auprc_std,f1_mean,f1_std,precision_mean,precision_std,recall_mean,recall_std
cutpaste,CutPaste,severity,moderate,0.9879818594104308,0.00750015211271711,0.9177755964520671,0.03427091491637,0.8083170890188435,0.047783694115270316,0.7886710239651415,0.14172946376723825,0.8666666666666667,0.09428090415820632
padim,PaDiM,severity,moderate,0.9494331065759637,0.0068554269650027,0.5335837956836943,0.08165545045733225,0.5420332355816226,0.0330120132761843,0.47619047619047616,0.0336717514850737,0.6666666666666666,0.16996731711975951
patchcore,PatchCore,severity,moderate,0.9517006802721089,0.00855088781631057,0.6400592217488769,0.008690538533431666,0.5071794871794872,0.04051606608226399,0.4101851851851852,0.040338927612577714,0.6666666666666666,0.04714045207910316
