model_name,display_name,num_completed_seeds,num_total_seeds,val_map50_95_mean,val_map50_95_std,val_AP50_95_isoladores_mean,val_AP50_95_isoladores_std,val_Recall_isoladores_mean,val_Recall_isoladores_std,test_map50_95_mean,test_map50_95_std,test_AP50_95_isoladores_mean,test_AP50_95_isoladores_std,test_Recall_isoladores_mean,test_Recall_isoladores_std
fasterrcnn_resnet50_fpn_v2,Faster R-CNN ResNet50-FPN v2,3,3,0.7559546730324379,0.005286291449597257,0.6647969025723653,0.010714484047687732,0.9922480620155039,0.006329430859904864,0.781623403885425,0.006951884341187146,0.6912414444381925,0.0035733505567259495,1.0,0.0
rtdetr_r18,RT-DETR-R18,3,3,0.7805819449004329,0.011886446940347585,0.686962078630935,0.025800061227367395,1.0,0.0,0.8145482161097619,0.007534474559210708,0.7105646685585216,0.03292680482672777,1.0,0.0
yolo11s,YOLO11s,3,3,0.7910327472655397,0.002204664514563314,0.7229337614954144,0.0014674881052013896,0.9974160206718347,0.0036542986107831977,0.8057514048948057,0.008988636998391458,0.7097610699185297,0.008810956168525967,0.9751690136014395,0.005852176109320713
yolox_s,YOLOX-s,3,3,0.7422946843846346,0.010203069773939834,0.6616451637112094,0.014198887507122749,1.0,0.0,0.7999975866378451,0.019315399880089328,0.7054161075103367,0.03386312002828611,1.0,0.0
